GEO_ID,NAME,DP05_0001E,DP05_0001M,DP05_0002E,DP05_0002M,DP05_0003E,DP05_0003M,DP05_0004E,DP05_0004M,DP05_0005E,DP05_0005M,DP05_0006E,DP05_0006M,DP05_0007E,DP05_0007M,DP05_0008E,DP05_0008M,DP05_0009E,DP05_0009M,DP05_0010E,DP05_0010M,DP05_0011E,DP05_0011M,DP05_0012E,DP05_0012M,DP05_0013E,DP05_0013M,DP05_0014E,DP05_0014M,DP05_0015E,DP05_0015M,DP05_0016E,DP05_0016M,DP05_0017E,DP05_0017M,DP05_0018E,DP05_0018M,DP05_0019E,DP05_0019M,DP05_0020E,DP05_0020M,DP05_0021E,DP05_0021M,DP05_0022E,DP05_0022M,DP05_0023E,DP05_0023M,DP05_0024E,DP05_0024M,DP05_0025E,DP05_0025M,DP05_0026E,DP05_0026M,DP05_0027E,DP05_0027M,DP05_0028E,DP05_0028M,DP05_0029E,DP05_0029M,DP05_0030E,DP05_0030M,DP05_0031E,DP05_0031M,DP05_0032E,DP05_0032M,DP05_0033E,DP05_0033M,DP05_0034E,DP05_0034M,DP05_0035E,DP05_0035M,DP05_0036E,DP05_0036M,DP05_0037E,DP05_0037M,DP05_0038E,DP05_0038M,DP05_0039E,DP05_0039M,DP05_0040E,DP05_0040M,DP05_0041E,DP05_0041M,DP05_0042E,DP05_0042M,DP05_0043E,DP05_0043M,DP05_0044E,DP05_0044M,DP05_0045E,DP05_0045M,DP05_0046E,DP05_0046M,DP05_0047E,DP05_0047M,DP05_0048E,DP05_0048M,DP05_0049E,DP05_0049M,DP05_0050E,DP05_0050M,DP05_0051E,DP05_0051M,DP05_0052E,DP05_0052M,DP05_0053E,DP05_0053M,DP05_0054E,DP05_0054M,DP05_0055E,DP05_0055M,DP05_0056E,DP05_0056M,DP05_0057E,DP05_0057M,DP05_0058E,DP05_0058M,DP05_0059E,DP05_0059M,DP05_0060E,DP05_0060M,DP05_0061E,DP05_0061M,DP05_0062E,DP05_0062M,DP05_0063E,DP05_0063M,DP05_0064E,DP05_0064M,DP05_0065E,DP05_0065M,DP05_0066E,DP05_0066M,DP05_0067E,DP05_0067M,DP05_0068E,DP05_0068M,DP05_0069E,DP05_0069M,DP05_0070E,DP05_0070M,DP05_0071E,DP05_0071M,DP05_0072E,DP05_0072M,DP05_0073E,DP05_0073M,DP05_0074E,DP05_0074M,DP05_0075E,DP05_0075M,DP05_0076E,DP05_0076M,DP05_0077E,DP05_0077M,DP05_0078E,DP05_0078M,DP05_0079E,DP05_0079M,DP05_0080E,DP05_0080M,DP05_0081E,DP05_0081M,DP05_0082E,DP05_0082M,DP05_0083E,DP05_0083M,DP05_0084E,DP05_0084M,DP05_0085E,DP05_0085M,DP05_0086E,DP05_0086M,DP05_0087E,DP05_0087M,DP05_0088E,DP05_0088M,DP05_0089E,DP05_0089M,DP05_0090E,DP05_0090M,DP05_0091E,DP05_0091M,DP05_0092E,DP05_0092M,DP05_0093E,DP05_0093M,DP05_0094E,DP05_0094M,DP05_0095E,DP05_0095M,DP05_0096E,DP05_0096M,DP05_0097E,DP05_0097M,DP05_0098E,DP05_0098M,DP05_0099E,DP05_0099M,DP05_0100E,DP05_0100M,DP05_0101E,DP05_0101M,DP05_0102E,DP05_0102M,DP05_0103E,DP05_0103M,DP05_0104E,DP05_0104M,DP05_0105E,DP05_0105M,DP05_0106E,DP05_0106M,DP05_0107E,DP05_0107M,DP05_0108E,DP05_0108M,DP05_0001PE,DP05_0001PM,DP05_0002PE,DP05_0002PM,DP05_0003PE,DP05_0003PM,DP05_0004PE,DP05_0004PM,DP05_0005PE,DP05_0005PM,DP05_0006PE,DP05_0006PM,DP05_0007PE,DP05_0007PM,DP05_0008PE,DP05_0008PM,DP05_0009PE,DP05_0009PM,DP05_0010PE,DP05_0010PM,DP05_0011PE,DP05_0011PM,DP05_0012PE,DP05_0012PM,DP05_0013PE,DP05_0013PM,DP05_0014PE,DP05_0014PM,DP05_0015PE,DP05_0015PM,DP05_0016PE,DP05_0016PM,DP05_0017PE,DP05_0017PM,DP05_0018PE,DP05_0018PM,DP05_0019PE,DP05_0019PM,DP05_0020PE,DP05_0020PM,DP05_0021PE,DP05_0021PM,DP05_0022PE,DP05_0022PM,DP05_0023PE,DP05_0023PM,DP05_0024PE,DP05_0024PM,DP05_0025PE,DP05_0025PM,DP05_0026PE,DP05_0026PM,DP05_0027PE,DP05_0027PM,DP05_0028PE,DP05_0028PM,DP05_0029PE,DP05_0029PM,DP05_0030PE,DP05_0030PM,DP05_0031PE,DP05_0031PM,DP05_0032PE,DP05_0032PM,DP05_0033PE,DP05_0033PM,DP05_0034PE,DP05_0034PM,DP05_0035PE,DP05_0035PM,DP05_0036PE,DP05_0036PM,DP05_0037PE,DP05_0037PM,DP05_0038PE,DP05_0038PM,DP05_0039PE,DP05_0039PM,DP05_0040PE,DP05_0040PM,DP05_0041PE,DP05_0041PM,DP05_0042PE,DP05_0042PM,DP05_0043PE,DP05_0043PM,DP05_0044PE,DP05_0044PM,DP05_0045PE,DP05_0045PM,DP05_0046PE,DP05_0046PM,DP05_0047PE,DP05_0047PM,DP05_0048PE,DP05_0048PM,DP05_0049PE,DP05_0049PM,DP05_0050PE,DP05_0050PM,DP05_0051PE,DP05_0051PM,DP05_0052PE,DP05_0052PM,DP05_0053PE,DP05_0053PM,DP05_0054PE,DP05_0054PM,DP05_0055PE,DP05_0055PM,DP05_0056PE,DP05_0056PM,DP05_0057PE,DP05_0057PM,DP05_0058PE,DP05_0058PM,DP05_0059PE,DP05_0059PM,DP05_0060PE,DP05_0060PM,DP05_0061PE,DP05_0061PM,DP05_0062PE,DP05_0062PM,DP05_0063PE,DP05_0063PM,DP05_0064PE,DP05_0064PM,DP05_0065PE,DP05_0065PM,DP05_0066PE,DP05_0066PM,DP05_0067PE,DP05_0067PM,DP05_0068PE,DP05_0068PM,DP05_0069PE,DP05_0069PM,DP05_0070PE,DP05_0070PM,DP05_0071PE,DP05_0071PM,DP05_0072PE,DP05_0072PM,DP05_0073PE,DP05_0073PM,DP05_0074PE,DP05_0074PM,DP05_0075PE,DP05_0075PM,DP05_0076PE,DP05_0076PM,DP05_0077PE,DP05_0077PM,DP05_0078PE,DP05_0078PM,DP05_0079PE,DP05_0079PM,DP05_0080PE,DP05_0080PM,DP05_0081PE,DP05_0081PM,DP05_0082PE,DP05_0082PM,DP05_0083PE,DP05_0083PM,DP05_0084PE,DP05_0084PM,DP05_0085PE,DP05_0085PM,DP05_0086PE,DP05_0086PM,DP05_0087PE,DP05_0087PM,DP05_0088PE,DP05_0088PM,DP05_0089PE,DP05_0089PM,DP05_0090PE,DP05_0090PM,DP05_0091PE,DP05_0091PM,DP05_0092PE,DP05_0092PM,DP05_0093PE,DP05_0093PM,DP05_0094PE,DP05_0094PM,DP05_0095PE,DP05_0095PM,DP05_0096PE,DP05_0096PM,DP05_0097PE,DP05_0097PM,DP05_0098PE,DP05_0098PM,DP05_0099PE,DP05_0099PM,DP05_0100PE,DP05_0100PM,DP05_0101PE,DP05_0101PM,DP05_0102PE,DP05_0102PM,DP05_0103PE,DP05_0103PM,DP05_0104PE,DP05_0104PM,DP05_0105PE,DP05_0105PM,DP05_0106PE,DP05_0106PM,DP05_0107PE,DP05_0107PM,DP05_0108PE,DP05_0108PM
0400000US04,Arizona,7378838,*****,3683473,566,3695365,566,99.7,0.1,397518,285,436079,4386,468651,4313,488982,834,498933,872,1018722,749,933789,630,855798,531,427120,4012,455695,4042,797335,389,456810,3012,143406,3048,39,0.1,1594376,318,5975507,2526,5784462,318,5488881,2617,1668181,3449,1397551,313,5784462,318,2868866,346,2915596,344,98.4,0.1,1397551,313,646599,206,750952,233,86.1,0.1,7378838,*****,5936853,13656,1441985,13656,5936853,13656,4353879,10131,3750,803,552938,10306,374481,6514,258229,5959,138341,5085,6186,846,3019954,14454,339563,4381,173497,5219,4297,1171,3388,1275,5033,959,6158,1207,3496,1009,143694,4837,294139,4088,11657,1833,257,114,4183,944,51,57,138033,2970,48,83,139910,3907,264019,2903,67943,3542,47821,2726,49155,2496,11559,1341,19524,1714,31091,2113,36926,2495,14394,1104,3080,700,4904,788,2228,546,4182,634,670859,11417,1441985,13656,83903,3515,89337,2849,78599,3135,1056409,13880,9333,1235,14026,1516,7378838,*****,5739694,12325,484864,3120,448709,5216,383718,3113,37638,1812,1805755,11779,7378838,*****,2313806,*****,1987288,8181,53298,3115,24600,2200,248620,6446,5065032,*****,3879594,3371,322321,4034,237195,2449,256161,3027,12507,824,33946,1972,323308,6163,59111,2880,264197,5524,3192839,631,5324116,7322,2637182,4562,2686934,4656,7378838,(X),49.9,0.1,50.1,0.1,(X),(X),5.4,0.1,5.9,0.1,6.4,0.1,6.6,0.1,6.8,0.1,13.8,0.1,12.7,0.1,11.6,0.1,5.8,0.1,6.2,0.1,10.8,0.1,6.2,0.1,1.9,0.1,(X),(X),21.6,0.1,81,0.1,78.4,0.1,74.4,0.1,22.6,0.1,18.9,0.1,5784462,(X),49.6,0.1,50.4,0.1,(X),(X),1397551,(X),46.3,0.1,53.7,0.1,(X),(X),7378838,(X),80.5,0.2,19.5,0.2,80.5,0.2,59,0.1,0.1,0.1,7.5,0.1,5.1,0.1,3.5,0.1,1.9,0.1,0.1,0.1,40.9,0.2,4.6,0.1,2.4,0.1,0.1,0.1,0,0.1,0.1,0.1,0.1,0.1,0,0.1,1.9,0.1,4,0.1,0.2,0.1,0,0.1,0.1,0.1,0,0.1,1.9,0.1,0,0.1,1.9,0.1,3.6,0.1,0.9,0.1,0.6,0.1,0.7,0.1,0.2,0.1,0.3,0.1,0.4,0.1,0.5,0.1,0.2,0.1,0,0.1,0.1,0.1,0,0.1,0.1,0.1,9.1,0.2,19.5,0.2,1.1,0.1,1.2,0.1,1.1,0.1,14.3,0.2,0.1,0.1,0.2,0.1,7378838,(X),77.8,0.2,6.6,0.1,6.1,0.1,5.2,0.1,0.5,0.1,24.5,0.2,7378838,(X),31.4,*****,26.9,0.1,0.7,0.1,0.3,0.1,3.4,0.1,68.6,*****,52.6,0.1,4.4,0.1,3.2,0.1,3.5,0.1,0.2,0.1,0.5,0.1,4.4,0.1,0.8,0.1,3.6,0.1,(X),(X),5324116,(X),49.5,0.1,50.5,0.1
0500000US04001,"Apache County, Arizona",65341,*****,32217,168,33124,168,97.3,1,3748,8,4747,336,5255,279,5101,112,4140,153,8223,168,7709,136,6994,104,3678,370,4742,369,6816,102,3249,193,939,177,36.6,0.4,16983,234,50724,258,48358,234,45486,314,13719,294,11004,82,48358,234,23810,155,24548,133,97,0.7,11004,82,5002,55,6002,53,83.3,1.1,65341,*****,62337,482,3004,482,62337,482,13582,475,0,33,3011,714,1481,475,969,385,131,95,9,19,7981,742,633,76,218,153,0,33,47,57,25,44,0,33,0,33,343,156,46752,353,0,33,1,5,0,33,0,33,44080,791,0,33,2671,687,465,49,44,53,56,42,330,66,19,15,6,10,6,10,4,10,77,33,0,33,12,16,37,28,28,23,828,290,3004,482,238,99,561,253,47,47,1276,316,448,264,11,17,65341,*****,15830,450,1330,282,48171,238,525,33,90,13,2525,413,65341,*****,4169,*****,3378,236,81,58,111,103,599,212,61172,*****,12284,84,630,76,46386,336,465,49,77,33,20,46,1310,350,79,63,1231,343,28997,87,47968,254,23583,148,24385,149,65341,(X),49.3,0.3,50.7,0.3,(X),(X),5.7,0.1,7.3,0.5,8,0.4,7.8,0.2,6.3,0.2,12.6,0.3,11.8,0.2,10.7,0.2,5.6,0.6,7.3,0.6,10.4,0.2,5,0.3,1.4,0.3,(X),(X),26,0.4,77.6,0.4,74,0.4,69.6,0.5,21,0.4,16.8,0.1,48358,(X),49.2,0.2,50.8,0.2,(X),(X),11004,(X),45.5,0.3,54.5,0.3,(X),(X),65341,(X),95.4,0.7,4.6,0.7,95.4,0.7,20.8,0.7,0,0.1,4.6,1.1,2.3,0.7,1.5,0.6,0.2,0.1,0,0.1,12.2,1.1,1,0.1,0.3,0.2,0,0.1,0.1,0.1,0,0.1,0,0.1,0,0.1,0.5,0.2,71.6,0.5,0,0.1,0,0.1,0,0.1,0,0.1,67.5,1.2,0,0.1,4.1,1.1,0.7,0.1,0.1,0.1,0.1,0.1,0.5,0.1,0,0.1,0,0.1,0,0.1,0,0.1,0.1,0.1,0,0.1,0,0.1,0.1,0.1,0,0.1,1.3,0.4,4.6,0.7,0.4,0.2,0.9,0.4,0.1,0.1,2,0.5,0.7,0.4,0,0.1,65341,(X),24.2,0.7,2,0.4,73.7,0.4,0.8,0.1,0.1,0.1,3.9,0.6,65341,(X),6.4,*****,5.2,0.4,0.1,0.1,0.2,0.2,0.9,0.3,93.6,*****,18.8,0.1,1,0.1,71,0.5,0.7,0.1,0.1,0.1,0,0.1,2,0.5,0.1,0.1,1.9,0.5,(X),(X),47968,(X),49.2,0.2,50.8,0.2
0500000US04003,"Cochise County, Arizona",125566,*****,63772,128,61794,128,103.2,0.4,6356,36,7357,436,7449,440,7782,178,6844,139,15226,217,14676,169,12710,130,7791,506,8211,504,17877,137,10904,365,2383,375,43,0.4,25890,*****,102646,271,99676,*****,95094,273,36364,412,31164,64,99676,*****,50652,*****,49024,*****,103.3,*****,31164,64,15004,64,16160,*****,92.8,0.4,125566,*****,94213,1616,31353,1616,94213,1616,77951,1387,9,12,11479,1295,6910,817,4588,695,1227,300,35,40,53703,2060,4104,455,2222,350,4,9,14,30,0,33,10,15,0,33,1854,424,1370,351,54,38,14,22,153,138,0,33,122,87,0,33,1027,293,2423,293,159,175,183,109,727,245,205,96,410,147,268,173,471,290,260,227,0,33,207,224,6,10,47,45,8105,1023,31353,1616,1724,351,1413,186,1460,316,24319,1611,127,97,163,104,125566,*****,108281,1160,7342,418,3694,468,5309,384,663,335,33376,1537,125566,*****,43531,*****,38609,774,1541,451,242,151,3139,673,82035,*****,67885,567,3682,361,568,132,2330,300,250,227,804,397,6516,577,1339,380,5177,413,59666,115,94527,561,48526,398,46001,371,125566,(X),50.8,0.1,49.2,0.1,(X),(X),5.1,0.1,5.9,0.3,5.9,0.4,6.2,0.1,5.5,0.1,12.1,0.2,11.7,0.1,10.1,0.1,6.2,0.4,6.5,0.4,14.2,0.1,8.7,0.3,1.9,0.3,(X),(X),20.6,*****,81.7,0.2,79.4,*****,75.7,0.2,29,0.3,24.8,0.1,99676,(X),50.8,*****,49.2,*****,(X),(X),31164,(X),48.1,0.1,51.9,0.1,(X),(X),125566,(X),75,1.3,25,1.3,75,1.3,62.1,1.1,0,0.1,9.1,1,5.5,0.7,3.7,0.6,1,0.2,0,0.1,42.8,1.6,3.3,0.4,1.8,0.3,0,0.1,0,0.1,0,0.1,0,0.1,0,0.1,1.5,0.3,1.1,0.3,0,0.1,0,0.1,0.1,0.1,0,0.1,0.1,0.1,0,0.1,0.8,0.2,1.9,0.2,0.1,0.1,0.1,0.1,0.6,0.2,0.2,0.1,0.3,0.1,0.2,0.1,0.4,0.2,0.2,0.2,0,0.1,0.2,0.2,0,0.1,0,0.1,6.5,0.8,25,1.3,1.4,0.3,1.1,0.1,1.2,0.3,19.4,1.3,0.1,0.1,0.1,0.1,125566,(X),86.2,0.9,5.8,0.3,2.9,0.4,4.2,0.3,0.5,0.3,26.6,1.2,125566,(X),34.7,*****,30.7,0.6,1.2,0.4,0.2,0.1,2.5,0.5,65.3,*****,54.1,0.5,2.9,0.3,0.5,0.1,1.9,0.2,0.2,0.2,0.6,0.3,5.2,0.5,1.1,0.3,4.1,0.3,(X),(X),94527,(X),51.3,0.3,48.7,0.3
0500000US04005,"Coconino County, Arizona",144508,*****,71308,84,73200,84,97.4,0.2,6738,112,7607,475,8648,492,15334,539,17985,577,20100,202,16751,103,14636,154,7009,537,8740,531,13608,78,5898,231,1454,234,32.8,0.2,28234,*****,119681,295,116274,*****,101316,651,25935,463,20960,85,116274,*****,57046,55,59228,55,96.3,0.2,20960,85,9996,68,10964,45,91.2,0.7,144508,*****,130214,1421,14294,1421,130214,1421,80956,993,0,33,8007,774,7356,857,5152,801,1925,393,32,30,58484,1625,2060,228,1030,275,126,182,16,24,27,44,49,66,55,83,757,221,36562,758,37,39,0,33,0,33,0,33,31587,963,0,33,4938,730,2684,358,458,213,527,189,498,151,128,76,244,208,73,62,756,238,241,108,86,104,31,35,81,73,43,39,7711,1078,14294,1421,842,306,2769,670,1634,330,6802,982,99,102,201,139,144508,*****,94439,1429,4060,634,40790,740,5007,241,674,167,15863,1058,144508,*****,22327,*****,15710,932,567,211,552,272,5498,892,122181,*****,75379,462,1995,222,34936,643,2516,355,166,59,663,218,6526,870,1139,432,5387,783,70645,156,112728,577,55311,366,57417,370,144508,(X),49.3,0.1,50.7,0.1,(X),(X),4.7,0.1,5.3,0.3,6,0.3,10.6,0.4,12.4,0.4,13.9,0.1,11.6,0.1,10.1,0.1,4.9,0.4,6,0.4,9.4,0.1,4.1,0.2,1,0.2,(X),(X),19.5,*****,82.8,0.2,80.5,*****,70.1,0.5,17.9,0.3,14.5,0.1,116274,(X),49.1,0.1,50.9,0.1,(X),(X),20960,(X),47.7,0.2,52.3,0.2,(X),(X),144508,(X),90.1,1,9.9,1,90.1,1,56,0.7,0,0.1,5.5,0.5,5.1,0.6,3.6,0.6,1.3,0.3,0,0.1,40.5,1.1,1.4,0.2,0.7,0.2,0.1,0.1,0,0.1,0,0.1,0,0.1,0,0.1,0.5,0.2,25.3,0.5,0,0.1,0,0.1,0,0.1,0,0.1,21.9,0.7,0,0.1,3.4,0.5,1.9,0.2,0.3,0.1,0.4,0.1,0.3,0.1,0.1,0.1,0.2,0.1,0.1,0.1,0.5,0.2,0.2,0.1,0.1,0.1,0,0.1,0.1,0.1,0,0.1,5.3,0.7,9.9,1,0.6,0.2,1.9,0.5,1.1,0.2,4.7,0.7,0.1,0.1,0.1,0.1,144508,(X),65.4,1,2.8,0.4,28.2,0.5,3.5,0.2,0.5,0.1,11,0.7,144508,(X),15.5,*****,10.9,0.6,0.4,0.1,0.4,0.2,3.8,0.6,84.5,*****,52.2,0.3,1.4,0.2,24.2,0.4,1.7,0.2,0.1,0.1,0.5,0.2,4.5,0.6,0.8,0.3,3.7,0.5,(X),(X),112728,(X),49.1,0.2,50.9,0.2
0500000US04007,"Gila County, Arizona",53795,*****,26953,109,26842,109,100.4,0.8,2323,32,3110,339,2835,353,2661,221,2476,209,5295,345,5182,281,5065,123,2918,361,5309,400,9655,85,5437,298,1529,296,51.1,0.6,10028,81,44798,162,43767,81,42522,215,19673,384,16621,92,43767,81,21790,120,21977,108,99.1,1,16621,92,8150,73,8471,71,96.2,1.3,53795,*****,44060,958,9735,958,44060,958,35199,657,0,33,4925,703,2585,708,2205,467,999,363,0,33,24485,1332,289,124,75,62,0,33,0,33,43,72,0,33,0,33,171,104,5279,720,36,56,0,33,4,10,0,33,294,147,0,33,4945,709,415,100,0,33,20,27,199,113,0,33,150,135,1,5,45,46,46,57,0,33,36,51,0,33,10,20,2832,619,9735,958,231,109,4514,646,116,100,4294,684,16,21,64,66,53795,*****,44732,991,646,105,10273,431,595,104,82,106,7544,728,53795,*****,9659,*****,7986,429,283,195,84,113,1306,459,44136,*****,33043,298,248,109,4953,655,415,100,46,57,135,146,5296,671,490,260,4806,666,32742,46,43145,211,21504,146,21641,200,53795,(X),50.1,0.2,49.9,0.2,(X),(X),4.3,0.1,5.8,0.6,5.3,0.7,4.9,0.4,4.6,0.4,9.8,0.6,9.6,0.5,9.4,0.2,5.4,0.7,9.9,0.7,17.9,0.2,10.1,0.6,2.8,0.6,(X),(X),18.6,0.2,83.3,0.3,81.4,0.2,79,0.4,36.6,0.7,30.9,0.2,43767,(X),49.8,0.2,50.2,0.2,(X),(X),16621,(X),49,0.3,51,0.3,(X),(X),53795,(X),81.9,1.8,18.1,1.8,81.9,1.8,65.4,1.2,0,0.1,9.2,1.3,4.8,1.3,4.1,0.9,1.9,0.7,0,0.1,45.5,2.5,0.5,0.2,0.1,0.1,0,0.1,0,0.1,0.1,0.1,0,0.1,0,0.1,0.3,0.2,9.8,1.3,0.1,0.1,0,0.1,0,0.1,0,0.1,0.5,0.3,0,0.1,9.2,1.3,0.8,0.2,0,0.1,0,0.1,0.4,0.2,0,0.1,0.3,0.3,0,0.1,0.1,0.1,0.1,0.1,0,0.1,0.1,0.1,0,0.1,0,0.1,5.3,1.2,18.1,1.8,0.4,0.2,8.4,1.2,0.2,0.2,8,1.3,0,0.1,0.1,0.1,53795,(X),83.2,1.8,1.2,0.2,19.1,0.8,1.1,0.2,0.2,0.2,14,1.4,53795,(X),18,*****,14.8,0.8,0.5,0.4,0.2,0.2,2.4,0.9,82,*****,61.4,0.6,0.5,0.2,9.2,1.2,0.8,0.2,0.1,0.1,0.3,0.3,9.8,1.2,0.9,0.5,8.9,1.2,(X),(X),43145,(X),49.8,0.3,50.2,0.3
0500000US04009,"Graham County, Arizona",39232,*****,20917,151,18315,151,114.2,1.8,2456,3,2640,246,3191,246,2996,215,2714,198,5724,91,5379,144,4436,106,1735,230,2274,262,3459,89,1699,198,529,171,34.9,0.2,10124,29,30250,128,29108,29,27469,262,7189,253,5687,76,29108,29,15751,142,13357,151,117.9,2.4,5687,76,2658,12,3029,77,87.8,2.3,39232,*****,30867,827,8365,827,30867,827,24317,678,0,30,5015,900,1258,339,1108,301,500,283,0,30,16436,1023,641,84,297,128,1,2,0,30,0,30,0,30,0,30,343,130,3505,346,76,92,0,30,31,72,0,30,224,159,0,30,3174,325,225,124,0,30,10,19,172,119,0,30,0,30,0,30,43,44,218,157,8,13,123,121,0,30,87,106,1961,501,8365,827,123,82,1840,334,186,109,5932,725,57,67,24,25,39232,*****,32562,603,909,98,5542,234,455,130,268,163,8083,695,39232,*****,12075,*****,10938,290,139,107,0,30,998,257,27157,*****,20691,145,640,83,3251,307,194,105,23,31,138,99,2220,348,219,126,2001,331,14122,37,28622,207,15421,230,13201,177,39232,(X),53.3,0.4,46.7,0.4,(X),(X),6.3,0.1,6.7,0.6,8.1,0.6,7.6,0.5,6.9,0.5,14.6,0.2,13.7,0.4,11.3,0.3,4.4,0.6,5.8,0.7,8.8,0.2,4.3,0.5,1.3,0.4,(X),(X),25.8,0.1,77.1,0.3,74.2,0.1,70,0.7,18.3,0.6,14.5,0.2,29108,(X),54.1,0.5,45.9,0.5,(X),(X),5687,(X),46.7,0.7,53.3,0.7,(X),(X),39232,(X),78.7,2.1,21.3,2.1,78.7,2.1,62,1.7,0,0.1,12.8,2.3,3.2,0.9,2.8,0.8,1.3,0.7,0,0.1,41.9,2.6,1.6,0.2,0.8,0.3,0,0.1,0,0.1,0,0.1,0,0.1,0,0.1,0.9,0.3,8.9,0.9,0.2,0.2,0,0.1,0.1,0.2,0,0.1,0.6,0.4,0,0.1,8.1,0.8,0.6,0.3,0,0.1,0,0.1,0.4,0.3,0,0.1,0,0.1,0,0.1,0.1,0.1,0.6,0.4,0,0.1,0.3,0.3,0,0.1,0.2,0.3,5,1.3,21.3,2.1,0.3,0.2,4.7,0.9,0.5,0.3,15.1,1.8,0.1,0.2,0.1,0.1,39232,(X),83,1.5,2.3,0.3,14.1,0.6,1.2,0.3,0.7,0.4,20.6,1.8,39232,(X),30.8,*****,27.9,0.7,0.4,0.3,0,0.1,2.5,0.7,69.2,*****,52.7,0.4,1.6,0.2,8.3,0.8,0.5,0.3,0.1,0.1,0.4,0.3,5.7,0.9,0.6,0.3,5.1,0.8,(X),(X),28622,(X),53.9,0.6,46.1,0.6
0500000US04011,"Greenlee County, Arizona",9409,*****,5144,173,4265,173,120.6,8.9,548,175,940,118,504,165,575,69,468,101,1493,218,1455,267,1079,243,683,199,335,125,796,74,429,121,104,99,36.3,0.8,2396,58,7305,71,7013,58,6807,98,1558,177,1329,101,7013,58,3863,102,3150,99,122.6,6.8,1329,101,614,4,715,100,85.9,12,9409,*****,6500,464,2909,464,6500,464,5409,439,0,20,581,241,354,287,111,73,67,62,8,13,4288,512,134,52,34,37,0,20,0,20,0,20,1,2,0,20,99,67,196,121,0,20,0,20,4,8,0,20,80,104,0,20,112,102,134,171,0,20,0,20,133,170,0,20,0,20,0,20,1,2,0,20,0,20,0,20,0,20,0,20,627,228,2909,464,75,56,184,150,0,20,2531,429,0,20,4,12,9409,*****,8314,284,243,29,396,177,193,184,73,126,3207,453,9409,*****,4396,*****,4134,135,0,20,16,25,246,132,5013,*****,4239,41,134,52,167,120,134,171,0,20,5,13,334,171,49,39,285,169,4433,14,6789,173,3714,152,3075,117,9409,(X),54.7,1.8,45.3,1.8,(X),(X),5.8,1.9,10,1.3,5.4,1.8,6.1,0.7,5,1.1,15.9,2.3,15.5,2.8,11.5,2.6,7.3,2.1,3.6,1.3,8.5,0.8,4.6,1.3,1.1,1.1,(X),(X),25.5,0.6,77.6,0.8,74.5,0.6,72.3,1,16.6,1.9,14.1,1.1,7013,(X),55.1,1.4,44.9,1.4,(X),(X),1329,(X),46.2,3.5,53.8,3.5,(X),(X),9409,(X),69.1,4.9,30.9,4.9,69.1,4.9,57.5,4.7,0,0.5,6.2,2.6,3.8,3,1.2,0.8,0.7,0.7,0.1,0.1,45.6,5.4,1.4,0.6,0.4,0.4,0,0.5,0,0.5,0,0.5,0,0.1,0,0.5,1.1,0.7,2.1,1.3,0,0.5,0,0.5,0,0.1,0,0.5,0.9,1.1,0,0.5,1.2,1.1,1.4,1.8,0,0.5,0,0.5,1.4,1.8,0,0.5,0,0.5,0,0.5,0,0.1,0,0.5,0,0.5,0,0.5,0,0.5,0,0.5,6.7,2.4,30.9,4.9,0.8,0.6,2,1.6,0,0.5,26.9,4.6,0,0.5,0,0.1,9409,(X),88.4,3,2.6,0.3,4.2,1.9,2.1,2,0.8,1.3,34.1,4.8,9409,(X),46.7,*****,43.9,1.4,0,0.5,0.2,0.3,2.6,1.4,53.3,*****,45.1,0.4,1.4,0.6,1.8,1.3,1.4,1.8,0,0.5,0.1,0.1,3.5,1.8,0.5,0.4,3,1.8,(X),(X),6789,(X),54.7,1.5,45.3,1.5
0500000US04012,"La Paz County, Arizona",16664,*****,8563,86,8101,86,105.7,2.2,620,54,686,115,722,108,583,116,619,126,1380,265,1447,197,1438,152,798,129,1182,143,3048,147,3217,292,924,297,60.2,0.7,2489,44,14430,61,14175,44,13911,193,7900,179,7189,61,14175,44,7201,70,6974,53,103.3,1.7,7189,61,3800,63,3389,34,112.1,2.5,16664,*****,13660,410,3004,410,13660,410,9848,129,0,22,653,222,589,247,383,145,262,149,0,22,7961,356,238,63,75,66,0,22,3,7,0,22,0,22,0,22,160,103,2202,215,5,11,0,22,0,22,0,22,282,139,0,22,1915,226,238,15,93,70,0,22,132,77,6,12,0,22,7,11,0,22,2,4,2,4,0,22,0,22,0,22,1132,315,3004,410,28,44,364,121,14,23,2325,353,13,24,30,46,16664,*****,12745,378,348,56,2788,182,257,20,26,23,3662,209,16664,*****,4263,*****,3979,129,29,22,17,24,238,132,12401,*****,9541,75,232,63,1820,147,238,15,2,4,14,14,554,186,136,87,418,156,13672,127,13172,237,6689,155,6483,146,16664,(X),51.4,0.5,48.6,0.5,(X),(X),3.7,0.3,4.1,0.7,4.3,0.6,3.5,0.7,3.7,0.8,8.3,1.6,8.7,1.2,8.6,0.9,4.8,0.8,7.1,0.9,18.3,0.9,19.3,1.8,5.5,1.8,(X),(X),14.9,0.3,86.6,0.4,85.1,0.3,83.5,1.2,47.4,1.1,43.1,0.4,14175,(X),50.8,0.4,49.2,0.4,(X),(X),7189,(X),52.9,0.5,47.1,0.5,(X),(X),16664,(X),82,2.5,18,2.5,82,2.5,59.1,0.8,0,0.3,3.9,1.3,3.5,1.5,2.3,0.9,1.6,0.9,0,0.3,47.8,2.1,1.4,0.4,0.5,0.4,0,0.3,0,0.1,0,0.3,0,0.3,0,0.3,1,0.6,13.2,1.3,0,0.1,0,0.3,0,0.3,0,0.3,1.7,0.8,0,0.3,11.5,1.4,1.4,0.1,0.6,0.4,0,0.3,0.8,0.5,0,0.1,0,0.3,0,0.1,0,0.3,0,0.1,0,0.1,0,0.3,0,0.3,0,0.3,6.8,1.9,18,2.5,0.2,0.3,2.2,0.7,0.1,0.1,14,2.1,0.1,0.1,0.2,0.3,16664,(X),76.5,2.3,2.1,0.3,16.7,1.1,1.5,0.1,0.2,0.1,22,1.3,16664,(X),25.6,*****,23.9,0.8,0.2,0.1,0.1,0.1,1.4,0.8,74.4,*****,57.3,0.5,1.4,0.4,10.9,0.9,1.4,0.1,0,0.1,0.1,0.1,3.3,1.1,0.8,0.5,2.5,0.9,(X),(X),13172,(X),50.8,0.7,49.2,0.7
0500000US04013,"Maricopa County, Arizona",4559748,*****,2268017,*****,2291731,*****,99,*****,256368,*****,278665,3486,300902,3487,307105,144,302818,144,667535,*****,609751,*****,560093,*****,269047,3101,264650,3102,425078,34,236257,2061,81479,2056,37.6,0.2,1024257,*****,3658586,2020,3535491,*****,3358404,2027,897448,2840,742814,*****,3535491,*****,1744517,*****,1790974,*****,97.4,*****,742814,*****,337495,*****,405319,*****,83.3,*****,4559748,*****,3667198,9772,892550,9772,3667198,9772,2672667,6797,3080,731,328312,7524,226035,4793,157658,4441,95300,4483,4866,719,1857416,11056,259526,3663,132435,4638,3710,1141,2739,1101,3384,784,5122,1022,2906,1001,109230,4055,90213,3230,9206,1731,124,84,3429,933,51,57,26791,2047,48,83,50564,2794,208324,2621,61192,3378,37406,2517,34647,2173,8128,1273,13703,1526,25540,1972,27708,2140,9143,801,2025,723,2905,664,1481,450,2732,555,427325,8264,892550,9772,59326,2847,44445,1926,53849,2737,648930,9864,5726,1005,8712,1153,4559748,*****,3529680,8485,359538,2367,174362,4322,290202,2538,25026,1504,1125005,8383,4559748,*****,1422451,*****,1201081,6499,33945,2567,18465,1999,168960,5123,3137297,*****,2393224,2692,247521,3295,57169,1711,203198,2641,8033,620,21960,1605,206192,5114,35848,2529,170344,4490,1884334,536,3206005,6282,1576655,3792,1629350,3806,4559748,(X),49.7,*****,50.3,*****,(X),(X),5.6,*****,6.1,0.1,6.6,0.1,6.7,0.1,6.6,0.1,14.6,*****,13.4,*****,12.3,*****,5.9,0.1,5.8,0.1,9.3,0.1,5.2,0.1,1.8,0.1,(X),(X),22.5,*****,80.2,0.1,77.5,*****,73.7,0.1,19.7,0.1,16.3,*****,3535491,(X),49.3,*****,50.7,*****,(X),(X),742814,(X),45.4,*****,54.6,*****,(X),(X),4559748,(X),80.4,0.2,19.6,0.2,80.4,0.2,58.6,0.1,0.1,0.1,7.2,0.2,5,0.1,3.5,0.1,2.1,0.1,0.1,0.1,40.7,0.2,5.7,0.1,2.9,0.1,0.1,0.1,0.1,0.1,0.1,0.1,0.1,0.1,0.1,0.1,2.4,0.1,2,0.1,0.2,0.1,0,0.1,0.1,0.1,0,0.1,0.6,0.1,0,0.1,1.1,0.1,4.6,0.1,1.3,0.1,0.8,0.1,0.8,0.1,0.2,0.1,0.3,0.1,0.6,0.1,0.6,0.1,0.2,0.1,0,0.1,0.1,0.1,0,0.1,0.1,0.1,9.4,0.2,19.6,0.2,1.3,0.1,1,0.1,1.2,0.1,14.2,0.2,0.1,0.1,0.2,0.1,4559748,(X),77.4,0.2,7.9,0.1,3.8,0.1,6.4,0.1,0.5,0.1,24.7,0.2,4559748,(X),31.2,*****,26.3,0.1,0.7,0.1,0.4,0.1,3.7,0.1,68.8,*****,52.5,0.1,5.4,0.1,1.3,0.1,4.5,0.1,0.2,0.1,0.5,0.1,4.5,0.1,0.8,0.1,3.7,0.1,(X),(X),3206005,(X),49.2,0.1,50.8,0.1
0500000US04015,"Mohave County, Arizona",220517,*****,111453,182,109064,182,102.2,0.3,8911,62,9686,522,10390,537,10129,175,9001,161,22305,249,21015,159,22117,199,14687,843,20340,855,40832,153,25060,620,6044,621,53.6,0.2,35598,87,189002,387,184919,87,180017,364,84433,884,71936,126,184919,87,93254,92,91665,91,101.7,0.2,71936,126,35717,44,36219,125,98.6,0.4,220517,*****,196589,1544,23928,1544,196589,1544,175733,1396,125,177,25902,1707,16932,1473,11283,1415,4913,755,174,131,116404,2813,2377,448,1137,359,63,146,31,36,17,25,12,19,0,33,1117,303,3771,441,177,108,53,53,5,10,0,33,402,166,0,33,3134,427,2554,272,80,77,152,86,1093,220,215,107,196,146,197,101,621,200,411,105,159,83,100,60,109,87,43,45,11743,1115,23928,1544,1500,412,3556,374,1470,327,15273,1283,150,110,47,46,220517,*****,198761,1343,4422,294,8637,516,4700,317,915,162,28136,1271,220517,*****,37708,*****,29858,1144,1257,475,735,241,5858,1036,182809,*****,165276,586,2223,418,2797,296,2495,273,383,100,651,289,8984,778,2190,546,6794,590,121881,136,179601,758,90226,508,89375,491,220517,(X),50.5,0.1,49.5,0.1,(X),(X),4,0.1,4.4,0.2,4.7,0.2,4.6,0.1,4.1,0.1,10.1,0.1,9.5,0.1,10,0.1,6.7,0.4,9.2,0.4,18.5,0.1,11.4,0.3,2.7,0.3,(X),(X),16.1,0.1,85.7,0.2,83.9,0.1,81.6,0.2,38.3,0.4,32.6,0.1,184919,(X),50.4,0.1,49.6,0.1,(X),(X),71936,(X),49.7,0.1,50.3,0.1,(X),(X),220517,(X),89.1,0.7,10.9,0.7,89.1,0.7,79.7,0.6,0.1,0.1,11.7,0.8,7.7,0.7,5.1,0.6,2.2,0.3,0.1,0.1,52.8,1.3,1.1,0.2,0.5,0.2,0,0.1,0,0.1,0,0.1,0,0.1,0,0.1,0.5,0.1,1.7,0.2,0.1,0.1,0,0.1,0,0.1,0,0.1,0.2,0.1,0,0.1,1.4,0.2,1.2,0.1,0,0.1,0.1,0.1,0.5,0.1,0.1,0.1,0.1,0.1,0.1,0.1,0.3,0.1,0.2,0.1,0.1,0.1,0,0.1,0,0.1,0,0.1,5.3,0.5,10.9,0.7,0.7,0.2,1.6,0.2,0.7,0.1,6.9,0.6,0.1,0.1,0,0.1,220517,(X),90.1,0.6,2,0.1,3.9,0.2,2.1,0.1,0.4,0.1,12.8,0.6,220517,(X),17.1,*****,13.5,0.5,0.6,0.2,0.3,0.1,2.7,0.5,82.9,*****,74.9,0.3,1,0.2,1.3,0.1,1.1,0.1,0.2,0.1,0.3,0.1,4.1,0.4,1,0.2,3.1,0.3,(X),(X),179601,(X),50.2,0.2,49.8,0.2
0500000US04017,"Navajo County, Arizona",108415,*****,54526,122,53889,122,101.2,0.5,6455,84,7775,507,8013,527,7676,135,5817,103,12999,176,12242,162,11381,96,6699,512,7535,519,13594,88,6625,260,1604,256,39.5,0.4,27363,65,84125,279,81052,65,77579,261,26706,481,21823,85,81052,65,40416,98,40636,98,99.5,0.5,21823,85,10405,76,11418,42,91.1,0.8,108415,*****,100492,839,7923,839,100492,839,49164,476,18,26,10769,1293,3517,574,3676,675,641,219,30,41,30513,1326,1206,200,320,125,0,33,0,33,0,33,32,48,0,33,854,256,45712,743,0,33,32,31,23,37,0,33,27113,1145,0,33,18544,1037,458,169,6,15,173,122,216,159,13,20,2,5,5,8,43,48,159,79,0,33,9,13,16,30,134,88,3793,509,7923,839,560,250,2280,480,426,168,3272,612,411,263,77,62,108415,*****,56369,813,2583,429,48792,426,1201,74,535,151,7465,616,108415,*****,11786,*****,9035,398,260,164,22,33,2469,411,96629,*****,46303,158,1134,185,44428,593,431,173,159,79,273,69,3901,670,371,147,3530,632,57230,81,80006,250,39773,186,40233,162,108415,(X),50.3,0.1,49.7,0.1,(X),(X),6,0.1,7.2,0.5,7.4,0.5,7.1,0.1,5.4,0.1,12,0.2,11.3,0.1,10.5,0.1,6.2,0.5,7,0.5,12.5,0.1,6.1,0.2,1.5,0.2,(X),(X),25.2,0.1,77.6,0.3,74.8,0.1,71.6,0.2,24.6,0.4,20.1,0.1,81052,(X),49.9,0.1,50.1,0.1,(X),(X),21823,(X),47.7,0.2,52.3,0.2,(X),(X),108415,(X),92.7,0.8,7.3,0.8,92.7,0.8,45.3,0.4,0,0.1,9.9,1.2,3.2,0.5,3.4,0.6,0.6,0.2,0,0.1,28.1,1.2,1.1,0.2,0.3,0.1,0,0.1,0,0.1,0,0.1,0,0.1,0,0.1,0.8,0.2,42.2,0.7,0,0.1,0,0.1,0,0.1,0,0.1,25,1.1,0,0.1,17.1,1,0.4,0.2,0,0.1,0.2,0.1,0.2,0.1,0,0.1,0,0.1,0,0.1,0,0.1,0.1,0.1,0,0.1,0,0.1,0,0.1,0.1,0.1,3.5,0.5,7.3,0.8,0.5,0.2,2.1,0.4,0.4,0.2,3,0.6,0.4,0.2,0.1,0.1,108415,(X),52,0.7,2.4,0.4,45,0.4,1.1,0.1,0.5,0.1,6.9,0.6,108415,(X),10.9,*****,8.3,0.4,0.2,0.2,0,0.1,2.3,0.4,89.1,*****,42.7,0.1,1,0.2,41,0.5,0.4,0.2,0.1,0.1,0.3,0.1,3.6,0.6,0.3,0.1,3.3,0.6,(X),(X),80006,(X),49.7,0.2,50.3,0.2
0500000US04019,"Pima County, Arizona",1060490,*****,524257,56,536233,56,97.8,0.1,51682,111,58512,1610,59503,1600,70496,106,90288,98,138360,163,123440,141,113505,151,57930,1467,67782,1473,128045,81,75804,1146,25143,1147,39.8,0.2,207722,*****,877330,792,852768,*****,801951,1208,269727,1254,228992,85,852768,*****,417727,*****,435041,*****,96,*****,228992,85,104553,52,124439,60,84,0.1,1060490,*****,839364,5426,221126,5426,839364,5426,627672,3956,352,325,74696,3244,53567,2104,35810,1944,17842,1143,598,237,444807,5687,38431,1298,18050,1340,386,206,393,361,777,388,522,315,471,369,17832,1516,30810,1682,636,332,7,12,435,203,0,33,3277,668,0,33,26455,1600,32648,1074,4911,992,8186,839,6207,1068,1843,390,3117,571,3482,757,4902,851,1606,343,168,96,785,292,128,91,525,277,108197,4644,221126,5426,10135,1252,14245,1586,12884,1051,160002,4928,1297,371,2824,834,1060490,*****,839332,4908,58397,1339,57504,2268,52215,1204,4645,511,284246,4650,1060490,*****,386110,*****,339179,3603,9820,1522,2839,712,34272,2712,674380,*****,535175,1334,35505,1250,20466,1112,31152,973,1226,282,4958,728,45898,2124,9862,1362,36036,1779,479939,359,800538,2298,393692,1372,406846,1408,1060490,(X),49.4,0.1,50.6,0.1,(X),(X),4.9,0.1,5.5,0.2,5.6,0.2,6.6,0.1,8.5,0.1,13,0.1,11.6,0.1,10.7,0.1,5.5,0.1,6.4,0.1,12.1,0.1,7.1,0.1,2.4,0.1,(X),(X),19.6,*****,82.7,0.1,80.4,*****,75.6,0.1,25.4,0.1,21.6,0.1,852768,(X),49,*****,51,*****,(X),(X),228992,(X),45.7,0.1,54.3,0.1,(X),(X),1060490,(X),79.1,0.5,20.9,0.5,79.1,0.5,59.2,0.4,0,0.1,7,0.3,5.1,0.2,3.4,0.2,1.7,0.1,0.1,0.1,41.9,0.5,3.6,0.1,1.7,0.1,0,0.1,0,0.1,0.1,0.1,0,0.1,0,0.1,1.7,0.1,2.9,0.2,0.1,0.1,0,0.1,0,0.1,0,0.1,0.3,0.1,0,0.1,2.5,0.2,3.1,0.1,0.5,0.1,0.8,0.1,0.6,0.1,0.2,0.1,0.3,0.1,0.3,0.1,0.5,0.1,0.2,0.1,0,0.1,0.1,0.1,0,0.1,0,0.1,10.2,0.4,20.9,0.5,1,0.1,1.3,0.1,1.2,0.1,15.1,0.5,0.1,0.1,0.3,0.1,1060490,(X),79.1,0.5,5.5,0.1,5.4,0.2,4.9,0.1,0.4,0.1,26.8,0.4,1060490,(X),36.4,*****,32,0.3,0.9,0.1,0.3,0.1,3.2,0.3,63.6,*****,50.5,0.1,3.3,0.1,1.9,0.1,2.9,0.1,0.1,0.1,0.5,0.1,4.3,0.2,0.9,0.1,3.4,0.2,(X),(X),800538,(X),49.2,0.1,50.8,0.1
0500000US04021,"Pinal County, Arizona",469006,*****,242716,70,226290,70,107.3,0.1,25048,33,27291,1198,30562,1205,27871,220,26082,214,62738,171,61994,177,52912,144,24685,956,28787,957,58052,74,34708,892,8276,891,40.4,0.2,100909,*****,380068,551,368097,*****,352123,804,118527,956,101036,74,368097,*****,191445,68,176652,68,108.4,0.1,101036,74,48082,68,52954,49,90.8,0.2,469006,*****,389946,3943,79060,3943,389946,3943,290049,3477,131,125,39625,3077,29390,1888,19046,2121,8298,1289,240,294,193319,4434,24954,958,14987,1215,7,16,145,150,732,257,355,316,64,102,8664,1209,20793,1193,1018,460,19,24,99,71,0,33,2663,662,0,33,16994,1140,8256,656,521,320,458,193,3149,527,376,167,1303,496,916,388,1533,491,1692,202,606,331,366,308,296,300,424,153,44202,3501,79060,3943,5753,1040,7563,894,3767,642,54542,4110,673,353,1146,375,469006,*****,365363,3874,34585,778,31698,1191,13879,675,3005,654,103202,3746,469006,*****,139779,*****,121235,2231,3066,745,1046,379,14432,2101,329227,*****,257659,861,23830,897,15969,757,7702,596,1639,192,2057,664,20371,1335,3240,600,17131,1374,184651,196,347036,1753,179660,1133,167376,1029,469006,(X),51.8,0.1,48.2,0.1,(X),(X),5.3,0.1,5.8,0.3,6.5,0.3,5.9,0.1,5.6,0.1,13.4,0.1,13.2,0.1,11.3,0.1,5.3,0.2,6.1,0.2,12.4,0.1,7.4,0.2,1.8,0.2,(X),(X),21.5,*****,81,0.1,78.5,*****,75.1,0.2,25.3,0.2,21.5,0.1,368097,(X),52,0.1,48,0.1,(X),(X),101036,(X),47.6,0.1,52.4,0.1,(X),(X),469006,(X),83.1,0.8,16.9,0.8,83.1,0.8,61.8,0.7,0,0.1,8.4,0.7,6.3,0.4,4.1,0.5,1.8,0.3,0.1,0.1,41.2,0.9,5.3,0.2,3.2,0.3,0,0.1,0,0.1,0.2,0.1,0.1,0.1,0,0.1,1.8,0.3,4.4,0.3,0.2,0.1,0,0.1,0,0.1,0,0.1,0.6,0.1,0,0.1,3.6,0.2,1.8,0.1,0.1,0.1,0.1,0.1,0.7,0.1,0.1,0.1,0.3,0.1,0.2,0.1,0.3,0.1,0.4,0.1,0.1,0.1,0.1,0.1,0.1,0.1,0.1,0.1,9.4,0.7,16.9,0.8,1.2,0.2,1.6,0.2,0.8,0.1,11.6,0.9,0.1,0.1,0.2,0.1,469006,(X),77.9,0.8,7.4,0.2,6.8,0.3,3,0.1,0.6,0.1,22,0.8,469006,(X),29.8,*****,25.8,0.5,0.7,0.2,0.2,0.1,3.1,0.4,70.2,*****,54.9,0.2,5.1,0.2,3.4,0.2,1.6,0.1,0.3,0.1,0.4,0.1,4.3,0.3,0.7,0.1,3.7,0.3,(X),(X),347036,(X),51.8,0.2,48.2,0.2
0500000US04023,"Santa Cruz County, Arizona",48926,*****,23612,145,25314,145,93.3,1.1,3014,31,3114,374,4175,354,3654,85,3144,110,5827,193,5501,114,5435,79,2496,270,3139,272,5420,50,3045,200,962,187,37.9,0.4,12606,127,37974,222,36320,127,34478,234,11455,275,9427,67,36320,127,17286,89,19034,104,90.8,0.7,9427,67,4306,31,5121,61,84.1,1.2,48926,*****,20945,1678,27981,1678,20945,1678,13936,1266,35,61,1957,820,788,227,589,154,608,290,15,27,9944,965,119,94,33,27,0,30,0,30,0,30,0,30,0,30,86,92,282,138,23,37,0,30,0,30,0,30,20,28,0,30,239,131,143,118,23,34,12,20,48,73,0,30,1,3,0,30,59,95,144,154,0,30,144,154,0,30,0,30,6321,1002,27981,1678,144,32,254,114,98,86,27075,1710,0,30,24,26,48926,*****,41865,1029,408,80,759,291,296,161,261,157,33689,1271,48926,*****,40367,*****,39204,398,172,206,30,34,961,349,8559,*****,7468,70,65,57,93,79,143,118,144,154,44,24,602,141,102,70,500,124,19232,52,29832,699,15026,378,14806,520,48926,(X),48.3,0.3,51.7,0.3,(X),(X),6.2,0.1,6.4,0.8,8.5,0.7,7.5,0.2,6.4,0.2,11.9,0.4,11.2,0.2,11.1,0.2,5.1,0.6,6.4,0.6,11.1,0.1,6.2,0.4,2,0.4,(X),(X),25.8,0.3,77.6,0.5,74.2,0.3,70.5,0.5,23.4,0.6,19.3,0.1,36320,(X),47.6,0.2,52.4,0.2,(X),(X),9427,(X),45.7,0.4,54.3,0.4,(X),(X),48926,(X),42.8,3.4,57.2,3.4,42.8,3.4,28.5,2.6,0.1,0.1,4,1.7,1.6,0.5,1.2,0.3,1.2,0.6,0,0.1,20.3,2,0.2,0.2,0.1,0.1,0,0.1,0,0.1,0,0.1,0,0.1,0,0.1,0.2,0.2,0.6,0.3,0,0.1,0,0.1,0,0.1,0,0.1,0,0.1,0,0.1,0.5,0.3,0.3,0.2,0,0.1,0,0.1,0.1,0.1,0,0.1,0,0.1,0,0.1,0.1,0.2,0.3,0.3,0,0.1,0.3,0.3,0,0.1,0,0.1,12.9,2,57.2,3.4,0.3,0.1,0.5,0.2,0.2,0.2,55.3,3.5,0,0.1,0,0.1,48926,(X),85.6,2.1,0.8,0.2,1.6,0.6,0.6,0.3,0.5,0.3,68.9,2.6,48926,(X),82.5,*****,80.1,0.8,0.4,0.4,0.1,0.1,2,0.7,17.5,*****,15.3,0.1,0.1,0.1,0.2,0.2,0.3,0.2,0.3,0.3,0.1,0.1,1.2,0.3,0.2,0.1,1,0.3,(X),(X),29832,(X),50.4,1,49.6,1
0500000US04025,"Yavapai County, Arizona",245480,*****,120844,204,124636,204,97,0.3,9164,133,9788,734,11611,715,12252,199,10638,163,22196,153,22670,158,24048,168,16836,923,22477,926,49591,108,27115,558,7094,566,55.1,0.1,37781,27,212797,306,207699,27,200759,401,97782,800,83800,39,207699,27,101534,53,106165,51,95.6,0.1,83800,39,39847,36,43953,28,90.7,0.1,245480,*****,217307,1694,28173,1694,217307,1694,197911,1358,0,33,25926,1629,18080,1569,11654,1278,4489,578,132,83,137630,2374,1273,192,520,169,0,33,0,33,7,17,8,16,0,33,738,202,3727,601,95,126,0,33,0,33,0,33,740,272,0,33,2892,567,2819,361,214,113,519,198,675,207,480,182,266,125,208,122,457,205,298,94,26,42,153,104,45,60,74,45,11279,1313,28173,1694,1407,330,3842,583,1538,313,19072,1638,77,61,234,165,245480,*****,225238,1375,3631,325,8840,789,4874,189,685,113,31769,1475,245480,*****,37748,*****,31359,939,1116,572,329,148,4944,854,207732,*****,190078,769,1263,192,2426,290,2584,317,271,86,1471,469,9639,826,3073,678,6566,448,126095,213,200290,835,97475,596,102815,501,245480,(X),49.2,0.1,50.8,0.1,(X),(X),3.7,0.1,4,0.3,4.7,0.3,5,0.1,4.3,0.1,9,0.1,9.2,0.1,9.8,0.1,6.9,0.4,9.2,0.4,20.2,0.1,11,0.2,2.9,0.2,(X),(X),15.4,0.1,86.7,0.1,84.6,0.1,81.8,0.2,39.8,0.3,34.1,0.1,207699,(X),48.9,0.1,51.1,0.1,(X),(X),83800,(X),47.6,0.1,52.4,0.1,(X),(X),245480,(X),88.5,0.7,11.5,0.7,88.5,0.7,80.6,0.6,0,0.1,10.6,0.7,7.4,0.6,4.7,0.5,1.8,0.2,0.1,0.1,56.1,1,0.5,0.1,0.2,0.1,0,0.1,0,0.1,0,0.1,0,0.1,0,0.1,0.3,0.1,1.5,0.2,0,0.1,0,0.1,0,0.1,0,0.1,0.3,0.1,0,0.1,1.2,0.2,1.1,0.1,0.1,0.1,0.2,0.1,0.3,0.1,0.2,0.1,0.1,0.1,0.1,0.1,0.2,0.1,0.1,0.1,0,0.1,0.1,0.1,0,0.1,0,0.1,4.6,0.5,11.5,0.7,0.6,0.1,1.6,0.2,0.6,0.1,7.8,0.7,0,0.1,0.1,0.1,245480,(X),91.8,0.6,1.5,0.1,3.6,0.3,2,0.1,0.3,0.1,12.9,0.6,245480,(X),15.4,*****,12.8,0.4,0.5,0.2,0.1,0.1,2,0.3,84.6,*****,77.4,0.3,0.5,0.1,1,0.1,1.1,0.1,0.1,0.1,0.6,0.2,3.9,0.3,1.3,0.3,2.7,0.2,(X),(X),200290,(X),48.7,0.2,51.3,0.2
0500000US04027,"Yuma County, Arizona",211741,*****,109174,156,102567,156,106.4,0.3,14087,6,14161,795,14891,791,14767,164,15899,225,29321,279,24577,189,19949,179,10128,664,10192,667,21464,139,17363,530,4942,500,36.1,0.3,51996,5,165791,417,159745,5,150965,451,49765,577,43769,114,159745,5,82574,41,77171,41,107,0.1,43769,114,20970,104,22799,44,92,0.5,211741,*****,123161,2680,88580,2680,123161,2680,79485,1979,0,33,12080,1138,5639,528,3997,559,1139,261,47,48,56583,1876,3578,360,2064,314,0,33,0,33,21,36,47,96,0,33,1446,353,2965,471,294,194,7,11,0,33,0,33,358,125,0,33,2306,441,2233,242,242,151,119,70,929,215,146,63,126,86,388,218,283,160,97,78,0,33,33,46,29,37,35,53,34803,2746,88580,2680,1817,434,1507,240,1110,255,80764,2726,239,323,465,221,211741,*****,166183,2875,6422,615,6463,811,4010,268,690,162,117983,1994,211741,*****,137437,*****,131603,996,1022,277,112,74,4700,943,74304,*****,61349,461,3219,321,1766,235,2164,236,88,75,753,383,4965,490,974,297,3991,427,95200,127,133857,1454,69927,998,63930,883,211741,(X),51.6,0.1,48.4,0.1,(X),(X),6.7,0.1,6.7,0.4,7,0.4,7,0.1,7.5,0.1,13.8,0.1,11.6,0.1,9.4,0.1,4.8,0.3,4.8,0.3,10.1,0.1,8.2,0.3,2.3,0.2,(X),(X),24.6,0.1,78.3,0.2,75.4,0.1,71.3,0.2,23.5,0.3,20.7,0.1,159745,(X),51.7,0.1,48.3,0.1,(X),(X),43769,(X),47.9,0.1,52.1,0.1,(X),(X),211741,(X),58.2,1.3,41.8,1.3,58.2,1.3,37.5,0.9,0,0.1,5.7,0.5,2.7,0.2,1.9,0.3,0.5,0.1,0,0.1,26.7,0.9,1.7,0.2,1,0.1,0,0.1,0,0.1,0,0.1,0,0.1,0,0.1,0.7,0.2,1.4,0.2,0.1,0.1,0,0.1,0,0.1,0,0.1,0.2,0.1,0,0.1,1.1,0.2,1.1,0.1,0.1,0.1,0.1,0.1,0.4,0.1,0.1,0.1,0.1,0.1,0.2,0.1,0.1,0.1,0,0.1,0,0.1,0,0.1,0,0.1,0,0.1,16.4,1.3,41.8,1.3,0.9,0.2,0.7,0.1,0.5,0.1,38.1,1.3,0.1,0.2,0.2,0.1,211741,(X),78.5,1.4,3,0.3,3.1,0.4,1.9,0.1,0.3,0.1,55.7,0.9,211741,(X),64.9,*****,62.2,0.5,0.5,0.1,0.1,0.1,2.2,0.4,35.1,*****,29,0.2,1.5,0.2,0.8,0.1,1,0.1,0,0.1,0.4,0.2,2.3,0.2,0.5,0.1,1.9,0.2,(X),(X),133857,(X),52.2,0.4,47.8,0.4
